{
  "name": "Newhair",
  "version": "0.0.1",
  "styleFileList": [],
  "scriptFileList": [],
  "tweeFileList": [],
  "imgFileList": [
    "img/hair/sides/jellyfish ponytail bow1/chest.png",
    "img/hair/sides/jellyfish ponytail bow1/feet.png",
    "img/hair/sides/jellyfish ponytail bow1/navel.png",
    "img/hair/sides/jellyfish ponytail bow1/short.png",
    "img/hair/sides/jellyfish ponytail bow1/shoulder.png",
    "img/hair/sides/jellyfish ponytail bow1/thighs.png",
    "img/hair/sides/jellyfish ponytail luanbow/chest.png",
    "img/hair/sides/jellyfish ponytail luanbow/feet.png",
    "img/hair/sides/jellyfish ponytail luanbow/navel.png",
    "img/hair/sides/jellyfish ponytail luanbow/short.png",
    "img/hair/sides/jellyfish ponytail luanbow/shoulder.png",
    "img/hair/sides/jellyfish ponytail luanbow/thighs.png",
    "img/hair/sides/jellyfish ponytail luanno/chest.png",
    "img/hair/sides/jellyfish ponytail luanno/feet.png",
    "img/hair/sides/jellyfish ponytail luanno/navel.png",
    "img/hair/sides/jellyfish ponytail luanno/short.png",
    "img/hair/sides/jellyfish ponytail luanno/shoulder.png",
    "img/hair/sides/jellyfish ponytail luanno/thighs.png",
    "img/hair/sides/jellyfish ponytail no1/chest.png",
    "img/hair/sides/jellyfish ponytail no1/feet.png",
    "img/hair/sides/jellyfish ponytail no1/navel.png",
    "img/hair/sides/jellyfish ponytail no1/short.png",
    "img/hair/sides/jellyfish ponytail no1/shoulder.png",
    "img/hair/sides/jellyfish ponytail no1/thighs.png",
    "img/hair/sides/jellyfish ponytail zhibow/chest.png",
    "img/hair/sides/jellyfish ponytail zhibow/feet.png",
    "img/hair/sides/jellyfish ponytail zhibow/navel.png",
    "img/hair/sides/jellyfish ponytail zhibow/short.png",
    "img/hair/sides/jellyfish ponytail zhibow/shoulder.png",
    "img/hair/sides/jellyfish ponytail zhibow/thighs.png",
    "img/hair/sides/jellyfish ponytail zhino/chest.png",
    "img/hair/sides/jellyfish ponytail zhino/feet.png",
    "img/hair/sides/jellyfish ponytail zhino/navel.png",
    "img/hair/sides/jellyfish ponytail zhino/short.png",
    "img/hair/sides/jellyfish ponytail zhino/shoulder.png",
    "img/hair/sides/jellyfish ponytail zhino/thighs.png",
    "img/hair/sides/jellyfish twintails bow1/chest.png",
    "img/hair/sides/jellyfish twintails bow1/feet.png",
    "img/hair/sides/jellyfish twintails bow1/navel.png",
    "img/hair/sides/jellyfish twintails bow1/short.png",
    "img/hair/sides/jellyfish twintails bow1/shoulder.png",
    "img/hair/sides/jellyfish twintails bow1/thighs.png",
    "img/hair/sides/jellyfish twintails luanbow/chest.png",
    "img/hair/sides/jellyfish twintails luanbow/feet.png",
    "img/hair/sides/jellyfish twintails luanbow/navel.png",
    "img/hair/sides/jellyfish twintails luanbow/short.png",
    "img/hair/sides/jellyfish twintails luanbow/shoulder.png",
    "img/hair/sides/jellyfish twintails luanbow/thighs.png",
    "img/hair/sides/jellyfish twintails luanno/chest.png",
    "img/hair/sides/jellyfish twintails luanno/feet.png",
    "img/hair/sides/jellyfish twintails luanno/navel.png",
    "img/hair/sides/jellyfish twintails luanno/short.png",
    "img/hair/sides/jellyfish twintails luanno/shoulder.png",
    "img/hair/sides/jellyfish twintails luanno/thighs.png",
    "img/hair/sides/jellyfish twintails no1/chest.png",
    "img/hair/sides/jellyfish twintails no1/feet.png",
    "img/hair/sides/jellyfish twintails no1/navel.png",
    "img/hair/sides/jellyfish twintails no1/short.png",
    "img/hair/sides/jellyfish twintails no1/shoulder.png",
    "img/hair/sides/jellyfish twintails no1/thighs.png",
    "img/hair/sides/jellyfish twintails zhibow/chest.png",
    "img/hair/sides/jellyfish twintails zhibow/feet.png",
    "img/hair/sides/jellyfish twintails zhibow/navel.png",
    "img/hair/sides/jellyfish twintails zhibow/short.png",
    "img/hair/sides/jellyfish twintails zhibow/shoulder.png",
    "img/hair/sides/jellyfish twintails zhibow/thighs.png",
    "img/hair/sides/jellyfish twintails zhino/chest.png",
    "img/hair/sides/jellyfish twintails zhino/feet.png",
    "img/hair/sides/jellyfish twintails zhino/navel.png",
    "img/hair/sides/jellyfish twintails zhino/short.png",
    "img/hair/sides/jellyfish twintails zhino/shoulder.png",
    "img/hair/sides/jellyfish twintails zhino/thighs.png"
  ],
  "additionFile": [
    "game/newfringe.txt",
    "game/newsides.txt"
  ],
  "addonPlugin": [
    {
      "modName": "ModLoader DoL ImageLoaderHook",
      "addonName": "ImageLoaderAddon",
      "modVersion": "^2.3.0",
      "params": []
    },
    {
      "modName": "TweeReplacer",
      "addonName": "TweeReplacerAddon",
      "modVersion": "^1.0.0",
      "params": [

        {
          "passage": "Widgets Hair",
          "findString": "<<set setup.hairstyles.sides to [",
          "replaceFile": "game/newsides.txt"
          
        }
      ]
    }
  ],
  "dependenceInfo": [
    {
      "modName": "ModLoader",
      "version": "^2.5.2"
    },
    {
      "modName": "ModLoader DoL ImageLoaderHook",
      "version": "^2.3.0"
    },
    {
      "modName": "TweeReplacer",
      "version": ">=1.0.0"
    }
  ]
}