{
  "name": "Newhair",
  "version": "0.0.1",
  "styleFileList": [],
  "scriptFileList": [],
  "tweeFileList": [],
  "imgFileList": [
   "img/hair/fringe/emo1/chest.png"
  ],
  "additionFile": [
    "game/newfringe.txt",
    "game/newsides.txt"
  ],
  "addonPlugin": [
    {
      "modName": "ModLoader DoL ImageLoaderHook",
      "addonName": "ImageLoaderAddon",
      "modVersion": "^2.3.0",
      "params": []
    },
    {
      "modName": "TweeReplacer",
      "addonName": "TweeReplacerAddon",
      "modVersion": "^1.0.0",
      "params": [
        {
          "passage": "Widgets Hair",
          "findString": "<<set setup.hairstyles.fringe to [",
          "replaceFile": "game/newfringe.txt"
          
        },
        {
          "passage": "Widgets Hair",
          "findString": "<<set setup.hairstyles.sides to [",
          "replaceFile": "game/newsides.txt"
          
        }
      ]
    }
  ],
  "dependenceInfo": [
    {
      "modName": "ModLoader",
      "version": "^2.5.2"
    },
    {
      "modName": "ModLoader DoL ImageLoaderHook",
      "version": "^2.3.0"
    },
    {
      "modName": "TweeReplacer",
      "version": ">=1.0.0"
    }
  ]
}