	[	{
			index: 83,
			name: "monster hoodie",
			name_cap: "Monster hoodie",
			variable: "monster",
			integrity: 200,
			integrity_max: 200,
			fabric_strength: 20,
			reveal: 300,
			bustresize: 0,
			word: "a",
			one_piece: 1,
			strap: 0,
			open: 0,
			state: "waist",
			state_base: "waist",
			state_top: "chest",
			state_top_base: "chest",
			plural: 0,
			colour: 0,
			colour_options: ["apocalypse", "custom"],
			colour_sidebar: 1,
			exposed: 0,
			exposed_base: 0,
			type: ["costume", "bellyHide"],
			set: "monsterhoodie",
			gender: "n",
			warmth: 7,
			cost: 9000,
			description: "Rawr.",
			shop: ["clothing"],
			accessory: 1,
			accessory_colour: 0,
			accessory_colour_options: [],
			accessory_colour_sidebar: 0,
			sleeve_img: 1,
			sleeve_acc_img: 1,
			breast_img: { "0": null, "1": 1, "2": 2, "3": 4, "4": 4, "5": 4, "6": 4 },
			cursed: 0,
			location: 0,
			iconFile: "monster_hoodie.png",
			accIcon: "monster_hoodie_acc.png",
			outfitPrimary: { lower: "monster skirt", head: "monster hood" },
			notuck: 0,
			hoodposition: "up",
			pregType: 0,
		}
    ]